{
  "total": 2478,
  "ai_response": 6815,
  "cmd": [
    {
      "name": "menu",
      "use": 264,
      "times": "19/12 10:54:02"
    },
    {
      "name": "profil",
      "use": 52,
      "times": "19/12 07:58:26"
    },
    {
      "name": "tt",
      "use": 73,
      "times": "19/12 10:54:02"
    },
    {
      "name": "set",
      "use": 103,
      "times": "19/12 10:54:02"
    },
    {
      "name": "clearsession",
      "use": 11,
      "times": "17/12 13:25:44"
    },
    {
      "name": "pin",
      "use": 91,
      "times": "19/12 10:54:02"
    },
    {
      "name": "setthumb",
      "use": 1,
      "times": "02/12 12:24:34"
    },
    {
      "name": "tiktok",
      "use": 59,
      "times": "18/12 15:03:48"
    },
    {
      "name": "catbox",
      "use": 6,
      "times": "05/12 12:28:29"
    },
    {
      "name": "brat",
      "use": 134,
      "times": "18/12 18:22:44"
    },
    {
      "name": "kick",
      "use": 15,
      "times": "18/12 18:51:57"
    },
    {
      "name": "addprem",
      "use": 16,
      "times": "16/12 22:04:30"
    },
    {
      "name": "on",
      "use": 31,
      "times": "14/12 17:42:24"
    },
    {
      "name": "antilink",
      "use": 5,
      "times": "05/12 13:56:16"
    },
    {
      "name": "backup",
      "use": 50,
      "times": "20/12 14:35:57"
    },
    {
      "name": "qc",
      "use": 41,
      "times": "12/12 20:02:24"
    },
    {
      "name": "stats",
      "use": 103,
      "times": "19/12 10:54:02"
    },
    {
      "name": "smeme",
      "use": 18,
      "times": "08/12 12:27:45"
    },
    {
      "name": "play",
      "use": 283,
      "times": "18/12 18:51:57"
    },
    {
      "name": "banned",
      "use": 4,
      "times": "18/12 18:51:57"
    },
    {
      "name": "unbanned",
      "use": 2,
      "times": "04/12 12:28:56"
    },
    {
      "name": "jokowi",
      "use": 31,
      "times": "18/12 18:51:57"
    },
    {
      "name": "close",
      "use": 2,
      "times": "03/12 18:05:28"
    },
    {
      "name": "open",
      "use": 4,
      "times": "16/12 07:58:10"
    },
    {
      "name": "dalle3",
      "use": 8,
      "times": "18/12 18:51:57"
    },
    {
      "name": "cekapikey",
      "use": 22,
      "times": "18/12 18:51:57"
    },
    {
      "name": "remini",
      "use": 1,
      "times": "02/12 20:47:09"
    },
    {
      "name": "s",
      "use": 21,
      "times": "18/12 00:22:35"
    },
    {
      "name": "ai",
      "use": 36,
      "times": "17/12 17:46:17"
    },
    {
      "name": "sticker",
      "use": 30,
      "times": "17/12 17:46:17"
    },
    {
      "name": "pinterest",
      "use": 30,
      "times": "18/12 18:51:57"
    },
    {
      "name": "bell",
      "use": 96,
      "times": "18/12 18:51:57"
    },
    {
      "name": "ig",
      "use": 3,
      "times": "20/12 14:35:57"
    },
    {
      "name": "hidetag",
      "use": 25,
      "times": "18/12 15:03:48"
    },
    {
      "name": "tagall",
      "use": 15,
      "times": "19/12 10:54:02"
    },
    {
      "name": "ytm4a",
      "use": 8,
      "times": "14/12 00:16:51"
    },
    {
      "name": "bella",
      "use": 8,
      "times": "16/12 07:58:10"
    },
    {
      "name": "gpt",
      "use": 6,
      "times": "18/12 18:51:57"
    },
    {
      "name": "off",
      "use": 7,
      "times": "17/12 17:46:17"
    },
    {
      "name": "premium",
      "use": 7,
      "times": "14/12 15:12:30"
    },
    {
      "name": "ytmp3",
      "use": 10,
      "times": "17/12 12:48:37"
    },
    {
      "name": "prabowo",
      "use": 8,
      "times": "18/12 18:51:57"
    },
    {
      "name": "toreal",
      "use": 21,
      "times": "19/12 07:58:26"
    },
    {
      "name": "rvo",
      "use": 6,
      "times": "19/12 10:54:02"
    },
    {
      "name": "del",
      "use": 5,
      "times": "16/12 07:58:10"
    },
    {
      "name": "profile",
      "use": 15,
      "times": "19/12 10:54:02"
    },
    {
      "name": "freetrial",
      "use": 5,
      "times": "19/12 07:58:26"
    },
    {
      "name": "faceswap",
      "use": 2,
      "times": "03/12 18:05:28"
    },
    {
      "name": "faceswap-change",
      "use": 1,
      "times": "03/12 18:05:28"
    },
    {
      "name": "colong",
      "use": 4,
      "times": "17/12 17:46:17"
    },
    {
      "name": "autoai",
      "use": 7,
      "times": "18/12 15:03:48"
    },
    {
      "name": "kickall",
      "use": 1,
      "times": "03/12 18:05:28"
    },
    {
      "name": "bard",
      "use": 3,
      "times": "08/12 20:16:12"
    },
    {
      "name": "afk",
      "use": 172,
      "times": "19/12 10:54:02"
    },
    {
      "name": "reactionmenu",
      "use": 1,
      "times": "04/12 13:15:30"
    },
    {
      "name": "ss",
      "use": 1,
      "times": "04/12 13:15:30"
    },
    {
      "name": "echilling",
      "use": 1,
      "times": "04/12 13:27:21"
    },
    {
      "name": "filters",
      "use": 10,
      "times": "18/12 18:51:57"
    },
    {
      "name": "setdata",
      "use": 3,
      "times": "04/12 21:28:19"
    },
    {
      "name": "toimg",
      "use": 4,
      "times": "18/12 15:03:48"
    },
    {
      "name": "enhance",
      "use": 1,
      "times": "04/12 19:01:22"
    },
    {
      "name": "megawati",
      "use": 9,
      "times": "18/12 18:51:57"
    },
    {
      "name": "encryptjs",
      "use": 2,
      "times": "18/12 18:51:57"
    },
    {
      "name": "k",
      "use": 5,
      "times": "04/12 22:24:26"
    },
    {
      "name": "cara",
      "use": 12,
      "times": "17/12 02:02:40"
    },
    {
      "name": "ytmp4",
      "use": 37,
      "times": "19/12 10:54:02"
    },
    {
      "name": "help",
      "use": 4,
      "times": "06/12 18:26:05"
    },
    {
      "name": "keqing",
      "use": 3,
      "times": "16/12 07:58:10"
    },
    {
      "name": "geminiimage",
      "use": 1,
      "times": "05/12 12:07:14"
    },
    {
      "name": "toanime",
      "use": 2,
      "times": "14/12 17:42:24"
    },
    {
      "name": "covers",
      "use": 3,
      "times": "19/12 10:54:02"
    },
    {
      "name": "hd",
      "use": 35,
      "times": "19/12 07:58:26"
    },
    {
      "name": "whatmusic",
      "use": 1,
      "times": "05/12 13:01:35"
    },
    {
      "name": "resetaichat",
      "use": 8,
      "times": "18/12 15:03:48"
    },
    {
      "name": "linkgc",
      "use": 3,
      "times": "08/12 20:16:12"
    },
    {
      "name": "lorasearch",
      "use": 5,
      "times": "13/12 18:27:17"
    },
    {
      "name": "getlora",
      "use": 3,
      "times": "13/12 18:27:17"
    },
    {
      "name": "txt2img",
      "use": 21,
      "times": "14/12 11:07:11"
    },
    {
      "name": "lora",
      "use": 2,
      "times": "17/12 02:02:40"
    },
    {
      "name": "luma",
      "use": 1,
      "times": "05/12 17:18:25"
    },
    {
      "name": "enlarger",
      "use": 6,
      "times": "18/12 18:51:57"
    },
    {
      "name": "gitclone",
      "use": 2,
      "times": "18/12 18:51:57"
    },
    {
      "name": "pinvid",
      "use": 1,
      "times": "06/12 15:05:34"
    },
    {
      "name": "cas",
      "use": 65,
      "times": "19/12 10:54:02"
    },
    {
      "name": "addenergy",
      "use": 16,
      "times": "19/12 10:54:02"
    },
    {
      "name": "charge",
      "use": 11,
      "times": "19/12 07:58:26"
    },
    {
      "name": "checkpointsearch",
      "use": 1,
      "times": "06/12 16:48:20"
    },
    {
      "name": "getcheckpoint",
      "use": 2,
      "times": "06/12 16:48:20"
    },
    {
      "name": "tourl",
      "use": 79,
      "times": "18/12 18:51:57"
    },
    {
      "name": "d",
      "use": 4,
      "times": "18/12 18:51:57"
    },
    {
      "name": "status",
      "use": 11,
      "times": "19/12 10:54:02"
    },
    {
      "name": "stiker",
      "use": 9,
      "times": "18/12 18:51:57"
    },
    {
      "name": "igdl",
      "use": 2,
      "times": "08/12 15:33:58"
    },
    {
      "name": "anya",
      "use": 47,
      "times": "18/12 18:51:57"
    },
    {
      "name": "gis",
      "use": 7,
      "times": "16/12 07:58:10"
    },
    {
      "name": "getdata",
      "use": 1,
      "times": "10/12 23:06:07"
    },
    {
      "name": "group",
      "use": 3,
      "times": "10/12 23:35:24"
    },
    {
      "name": "michi_jkt48",
      "use": 1,
      "times": "10/12 23:35:24"
    },
    {
      "name": "adam",
      "use": 5,
      "times": "16/12 07:58:10"
    },
    {
      "name": "myka",
      "use": 4,
      "times": "14/12 15:26:01"
    },
    {
      "name": "getchid",
      "use": 1,
      "times": "14/12 14:39:48"
    },
    {
      "name": "image",
      "use": 4,
      "times": "17/12 17:46:17"
    },
    {
      "name": "enc",
      "use": 1,
      "times": "16/12 07:58:10"
    },
    {
      "name": "change",
      "use": 1,
      "times": "16/12 07:58:10"
    },
    {
      "name": "ttrandom",
      "use": 28,
      "times": "20/12 14:35:57"
    },
    {
      "name": "tiktokrandom",
      "use": 1,
      "times": "17/12 13:25:44"
    },
    {
      "name": "removebg",
      "use": 1,
      "times": "18/12 18:51:57"
    },
    {
      "name": "text2img",
      "use": 1,
      "times": "18/12 18:51:57"
    },
    {
      "name": "img2prompt",
      "use": 1,
      "times": "18/12 18:51:57"
    },
    {
      "name": "boboiboy",
      "use": 1,
      "times": "18/12 18:51:57"
    },
    {
      "name": "mediafire",
      "use": 1,
      "times": "19/12 10:54:02"
    }
  ]
}