{
  "6282137452987@s.whatsapp.net": {
    "ai_interactive": true
  },
  "6281414210401@s.whatsapp.net": {
    "ai_interactive": true
  },
  "120363281375231318@g.us": {
    "ai_interactive": true,
    "welcome": true,
    "antilink": true,
    "links": [
      "chat.whatsapp.com"
    ],
    "warn": {
      "6281999898279@s.whatsapp.net": {
        "antilink": {
          "value": 2,
          "reset": 1733126745388
        }
      },
      "6285246516090@s.whatsapp.net": {
        "antilink": {
          "value": 2,
          "reset": 1733130852365
        }
      },
      "628567526523@s.whatsapp.net": {
        "antibot": {
          "value": 2,
          "reset": 1733221996274
        }
      },
      "6285279065670@s.whatsapp.net": {
        "antibot": {
          "value": 2,
          "reset": 1734156688934
        }
      },
      "6285647114821@s.whatsapp.net": {
        "antilink": {
          "value": 1,
          "reset": 1734011979426
        }
      }
    },
    "antibot": false,
    "antitagall": false
  },
  "120363367954632748@g.us": {
    "ai_interactive": true,
    "welcome": true
  },
  "6289631770909@s.whatsapp.net": {
    "ai_interactive": true
  },
  "6287891791217@s.whatsapp.net": {
    "ai_interactive": true
  },
  "6282283304661@s.whatsapp.net": {
    "ai_interactive": true
  },
  "120363307966689271@g.us": {
    "ai_interactive": true,
    "welcome": true,
    "antibot": false,
    "warn": {
      "628567526523@s.whatsapp.net": {},
      "6288213450498@s.whatsapp.net": {
        "antibot": {
          "value": 2,
          "reset": 1733885924619
        }
      }
    }
  },
  "6283197973114@s.whatsapp.net": {
    "ai_interactive": true
  },
  "6289643955859@s.whatsapp.net": {
    "ai_interactive": true
  },
  "6285792770857@s.whatsapp.net": {
    "ai_interactive": true
  },
  "6282388029888-1614095311@g.us": {
    "ai_interactive": true
  },
  "6285279065670@s.whatsapp.net": {
    "ai_interactive": true
  },
  "6285691180562@s.whatsapp.net": {
    "ai_interactive": true
  },
  "6287710486896@s.whatsapp.net": {
    "ai_interactive": true
  },
  "6285246516090@s.whatsapp.net": {
    "ai_interactive": true
  },
  "6285652017135@s.whatsapp.net": {
    "ai_interactive": true
  },
  "62895323226195@s.whatsapp.net": {
    "ai_interactive": true
  },
  "6283898874715@s.whatsapp.net": {
    "ai_interactive": true
  },
  "255659841407@s.whatsapp.net": {
    "ai_interactive": true
  },
  "6285265464885@s.whatsapp.net": {
    "ai_interactive": true
  },
  "6281267010409@s.whatsapp.net": {
    "ai_interactive": true
  },
  "6281371092269@s.whatsapp.net": {
    "ai_interactive": true
  },
  "6281256788177@s.whatsapp.net": {
    "ai_interactive": true
  },
  "255698249878@s.whatsapp.net": {
    "ai_interactive": true
  },
  "120363083993931338@g.us": {
    "ai_interactive": true
  },
  "120363068870176983@g.us": {
    "ai_interactive": true
  },
  "120363235312216097@g.us": {
    "ai_interactive": true
  },
  "6287783072018@s.whatsapp.net": {
    "ai_interactive": true
  },
  "120363373448428881@g.us": {
    "ai_interactive": true,
    "antilink": false,
    "links": [
      "chat.whatsapp.com"
    ]
  },
  "923334842175@s.whatsapp.net": {
    "ai_interactive": true
  },
  "6283174450701@s.whatsapp.net": {
    "ai_interactive": true
  },
  "120363337738135661@g.us": {
    "ai_interactive": true
  },
  "6282286305367@s.whatsapp.net": {
    "ai_interactive": true
  },
  "6285235567362@s.whatsapp.net": {
    "ai_interactive": true
  },
  "923329976122@s.whatsapp.net": {
    "ai_interactive": true
  },
  "923033002220@s.whatsapp.net": {
    "ai_interactive": true
  },
  "6283833153851@s.whatsapp.net": {
    "ai_interactive": true
  },
  "6283110928302@s.whatsapp.net": {
    "ai_interactive": true
  },
  "6285604535166@s.whatsapp.net": {
    "ai_interactive": true
  },
  "6282350359211@s.whatsapp.net": {
    "ai_interactive": true
  },
  "120363159856730378@g.us": {
    "ai_interactive": true
  },
  "120363142283525366@g.us": {
    "ai_interactive": true
  },
  "212783639435@s.whatsapp.net": {
    "ai_interactive": true
  },
  "6283878884149@s.whatsapp.net": {
    "ai_interactive": true
  },
  "6287735574868@s.whatsapp.net": {
    "ai_interactive": true
  },
  "6287869841945@s.whatsapp.net": {
    "ai_interactive": true
  },
  "6281267372519@s.whatsapp.net": {
    "ai_interactive": true
  },
  "6283892632477@s.whatsapp.net": {
    "ai_interactive": true
  },
  "6281261822626@s.whatsapp.net": {
    "ai_interactive": true
  },
  "6283841683045@s.whatsapp.net": {
    "ai_interactive": true
  },
  "6282196492852@s.whatsapp.net": {
    "ai_interactive": true
  },
  "6281918476293@s.whatsapp.net": {
    "ai_interactive": true
  },
  "6281343614110@s.whatsapp.net": {
    "ai_interactive": true
  },
  "62882020645870@s.whatsapp.net": {
    "ai_interactive": true
  },
  "6281991496696@s.whatsapp.net": {
    "ai_interactive": true
  },
  "6285352790991@s.whatsapp.net": {
    "ai_interactive": true
  },
  "6285947282288@s.whatsapp.net": {
    "ai_interactive": true
  },
  "6281515019488@s.whatsapp.net": {
    "ai_interactive": true
  },
  "6282199336326@s.whatsapp.net": {
    "ai_interactive": true
  },
  "628567526523@s.whatsapp.net": {
    "ai_interactive": true
  },
  "6281999898279@s.whatsapp.net": {
    "ai_interactive": true
  },
  "6281537475917@s.whatsapp.net": {
    "ai_interactive": true
  },
  "6285809040006@s.whatsapp.net": {
    "ai_interactive": true
  },
  "6289646956048@s.whatsapp.net": {
    "ai_interactive": true
  },
  "6281280949642@s.whatsapp.net": {
    "ai_interactive": true
  },
  "120363100206025236@g.us": {
    "ai_interactive": true
  },
  "6283127596164@s.whatsapp.net": {
    "ai_interactive": true
  },
  "120363353720424158@g.us": {
    "ai_interactive": true,
    "mute": true
  },
  "85251822174-1496584673@g.us": {
    "ai_interactive": true
  },
  "6285960202478@s.whatsapp.net": {
    "ai_interactive": true
  },
  "212614240078@s.whatsapp.net": {
    "ai_interactive": true
  },
  "212717441363@s.whatsapp.net": {
    "ai_interactive": true
  },
  "6285211626599@s.whatsapp.net": {
    "ai_interactive": true
  },
  "120363289350345684@g.us": {
    "ai_interactive": true
  },
  "120363346060822543@g.us": {
    "ai_interactive": true,
    "welcome": true,
    "antilink": true,
    "links": [
      "chat.whatsapp.com",
      "wa.me"
    ],
    "antibot": true,
    "mute": true
  },
  "6285701548498@s.whatsapp.net": {
    "ai_interactive": true
  },
  "6283817745906@s.whatsapp.net": {
    "ai_interactive": true
  },
  "6285892374568@s.whatsapp.net": {
    "ai_interactive": true
  },
  "6283813130991@s.whatsapp.net": {
    "ai_interactive": true
  },
  "62895335698864@s.whatsapp.net": {
    "ai_interactive": true
  },
  "62881024765951@s.whatsapp.net": {
    "ai_interactive": true
  },
  "120363304287302441@g.us": {
    "ai_interactive": true,
    "antibot": false,
    "warn": {
      "6285749746314@s.whatsapp.net": {
        "antibot": {
          "value": 4,
          "reset": 1733548160257
        }
      },
      "628567526523@s.whatsapp.net": {},
      "6288901937570@s.whatsapp.net": {
        "antibot": {
          "value": 4,
          "reset": 1733548161948
        }
      },
      "6282120621714@s.whatsapp.net": {
        "antibot": {
          "value": 3,
          "reset": 1733548226542
        }
      },
      "6282171867487@s.whatsapp.net": {
        "antibot": {
          "value": 2,
          "reset": 1733548227285
        }
      }
    }
  },
  "120363351775437381@g.us": {
    "ai_interactive": true
  },
  "6282210597504@s.whatsapp.net": {
    "ai_interactive": true
  },
  "6282226602841@s.whatsapp.net": {
    "ai_interactive": true
  },
  "6281534068887@s.whatsapp.net": {
    "ai_interactive": true
  },
  "6285776662361@s.whatsapp.net": {
    "ai_interactive": true
  },
  "6283181384725@s.whatsapp.net": {
    "ai_interactive": true
  },
  "6285933037366@s.whatsapp.net": {
    "ai_interactive": true
  },
  "6283169848512@s.whatsapp.net": {
    "ai_interactive": true
  },
  "6281973860890@s.whatsapp.net": {
    "ai_interactive": true
  },
  "6287784223114@s.whatsapp.net": {
    "ai_interactive": true
  },
  "6288279651369@s.whatsapp.net": {
    "ai_interactive": true
  },
  "6289603632648@s.whatsapp.net": {
    "ai_interactive": true
  },
  "6287740130872@s.whatsapp.net": {
    "ai_interactive": true
  },
  "62881011788395@s.whatsapp.net": {
    "ai_interactive": true
  },
  "6287728928161@s.whatsapp.net": {
    "ai_interactive": true
  },
  "6282372577748@s.whatsapp.net": {
    "ai_interactive": true
  },
  "628979969877@s.whatsapp.net": {
    "ai_interactive": true
  },
  "6282259538502@s.whatsapp.net": {
    "ai_interactive": true
  },
  "6283115144607@s.whatsapp.net": {
    "ai_interactive": true
  },
  "120363296420819135@g.us": {
    "ai_interactive": true
  },
  "6282322091906@s.whatsapp.net": {
    "ai_interactive": true
  },
  "62895329476652@s.whatsapp.net": {
    "ai_interactive": true
  },
  "6287721050628@s.whatsapp.net": {
    "ai_interactive": true
  },
  "6281545339451@s.whatsapp.net": {
    "ai_interactive": true
  },
  "6283840918386@s.whatsapp.net": {
    "ai_interactive": true
  },
  "6282260746882@s.whatsapp.net": {
    "ai_interactive": true
  },
  "6281808373340@s.whatsapp.net": {
    "ai_interactive": true
  },
  "255714734447@s.whatsapp.net": {
    "ai_interactive": true
  },
  "6282390896201@s.whatsapp.net": {
    "ai_interactive": true
  },
  "120363368486463531@g.us": {
    "ai_interactive": true
  },
  "6282287401254@s.whatsapp.net": {
    "ai_interactive": true
  },
  "6287822980275@s.whatsapp.net": {
    "ai_interactive": true
  },
  "6289509563758@s.whatsapp.net": {
    "ai_interactive": true
  },
  "120363374237227248@g.us": {
    "ai_interactive": true
  },
  "120363295497035149@g.us": {
    "ai_interactive": true
  },
  "62881012366870@s.whatsapp.net": {
    "ai_interactive": true
  },
  "972528139273-1446489143@g.us": {
    "ai_interactive": true
  },
  "120363356095320313@g.us": {
    "ai_interactive": true
  },
  "6289607806506@s.whatsapp.net": {
    "ai_interactive": true
  },
  "6281266430507@s.whatsapp.net": {
    "ai_interactive": true
  },
  "15517868422@s.whatsapp.net": {
    "ai_interactive": true
  },
  "6289633700555@s.whatsapp.net": {
    "ai_interactive": true
  },
  "6283856693865@s.whatsapp.net": {
    "ai_interactive": true
  },
  "6285263871924@s.whatsapp.net": {
    "ai_interactive": true
  },
  "6281372769829@s.whatsapp.net": {
    "ai_interactive": true
  },
  "6289670343907@s.whatsapp.net": {
    "ai_interactive": true
  },
  "6282391283957@s.whatsapp.net": {
    "ai_interactive": true
  },
  "6281296723924@s.whatsapp.net": {
    "ai_interactive": true
  },
  "6287844877794@s.whatsapp.net": {
    "ai_interactive": true
  },
  "6281229486174@s.whatsapp.net": {
    "ai_interactive": true
  },
  "6285259026233@s.whatsapp.net": {
    "ai_interactive": true
  },
  "6281110001618@s.whatsapp.net": {
    "ai_interactive": true
  },
  "6282287982850@s.whatsapp.net": {
    "ai_interactive": true
  },
  "6282249812857@s.whatsapp.net": {
    "ai_interactive": true
  },
  "120363327039547551@g.us": {
    "ai_interactive": true
  },
  "6282245077853@s.whatsapp.net": {
    "ai_interactive": true
  },
  "6285810287828@s.whatsapp.net": {
    "ai_interactive": false
  },
  "6282283304661:84@s.whatsapp.net": {
    "ai_interactive": true
  },
  "120363323500302317@newsletter": {
    "ai_interactive": true
  },
  "628551000185@s.whatsapp.net": {
    "ai_interactive": true
  },
  "6287828632702@s.whatsapp.net": {
    "ai_interactive": true
  },
  "6285288035642@s.whatsapp.net": {
    "ai_interactive": true
  },
  "120363378355713025@g.us": {
    "ai_interactive": true
  },
  "120363309593185311@newsletter": {
    "ai_interactive": true
  },
  "120363289691088052@g.us": {
    "ai_interactive": true
  },
  "120363276572882099@g.us": {
    "ai_interactive": true
  },
  "120363258388435173@g.us": {
    "ai_interactive": true
  },
  "6283898109175@s.whatsapp.net": {
    "ai_interactive": true
  },
  "120363303349292506@g.us": {
    "ai_interactive": true
  },
  "120363198562916823@g.us": {
    "ai_interactive": true
  },
  "120363321413516162@newsletter": {
    "ai_interactive": true
  },
  "120363319999719377@newsletter": {
    "ai_interactive": true
  },
  "120363278320589792@g.us": {
    "ai_interactive": true
  },
  "120363285475678210@g.us": {
    "ai_interactive": true
  },
  "120363261643456281@newsletter": {
    "ai_interactive": true
  },
  "62895401586358@s.whatsapp.net": {
    "ai_interactive": true
  },
  "120363287481346772@newsletter": {
    "ai_interactive": true
  },
  "120363321001453776@newsletter": {
    "ai_interactive": true
  },
  "6289667837512@s.whatsapp.net": {
    "ai_interactive": true
  },
  "6287764382967@s.whatsapp.net": {
    "ai_interactive": true
  },
  "6282162400814@s.whatsapp.net": {
    "ai_interactive": true
  },
  "6282182682519-1627443394@g.us": {
    "ai_interactive": true
  },
  "120363318200248471@newsletter": {
    "ai_interactive": true
  },
  "120363300346016387@g.us": {
    "ai_interactive": true
  },
  "120363313429834883@g.us": {
    "ai_interactive": true
  },
  "120363300779988558@newsletter": {
    "ai_interactive": true
  },
  "6282278003468@s.whatsapp.net": {
    "ai_interactive": true
  },
  "6285248788653@s.whatsapp.net": {
    "ai_interactive": true
  },
  "120363297681214768@g.us": {
    "ai_interactive": true
  },
  "120363301167309588@g.us": {
    "ai_interactive": true
  },
  "120363246314841421@newsletter": {
    "ai_interactive": true
  },
  "120363321718155059@g.us": {
    "ai_interactive": true
  },
  "120363297119065488@newsletter": {
    "ai_interactive": true
  },
  "120363318228181605@g.us": {
    "ai_interactive": true
  },
  "120363315799107604@g.us": {
    "ai_interactive": true
  },
  "120363285725782119@newsletter": {
    "ai_interactive": true
  },
  "120363333461700610@g.us": {
    "ai_interactive": true
  },
  "6285839193600@s.whatsapp.net": {
    "ai_interactive": true
  },
  "6282279807396-1572596778@g.us": {
    "ai_interactive": true
  },
  "628895548535@s.whatsapp.net": {
    "ai_interactive": true
  },
  "6281543028116@s.whatsapp.net": {
    "ai_interactive": true
  },
  "6285692781293@s.whatsapp.net": {
    "ai_interactive": true
  },
  "120363201344726862@newsletter": {
    "ai_interactive": true
  },
  "120363040534917318@g.us": {
    "ai_interactive": true
  },
  "6285364585970@s.whatsapp.net": {
    "ai_interactive": true
  },
  "120363247498037092@newsletter": {
    "ai_interactive": true
  },
  "120363320458286914@g.us": {
    "ai_interactive": true
  },
  "120363329393893812@g.us": {
    "ai_interactive": true
  },
  "6288211433683@s.whatsapp.net": {
    "ai_interactive": true
  },
  "6281373711405@s.whatsapp.net": {
    "ai_interactive": true
  },
  "120363378578015315@g.us": {
    "ai_interactive": true
  },
  "120363144038483540@newsletter": {
    "ai_interactive": true
  },
  "120363368587594319@g.us": {
    "ai_interactive": true
  },
  "6281361398155@s.whatsapp.net": {
    "ai_interactive": true
  },
  "447974905007@s.whatsapp.net": {
    "ai_interactive": true
  },
  "6285384838281@s.whatsapp.net": {
    "ai_interactive": true
  },
  "120363246332665966@newsletter": {
    "ai_interactive": true
  },
  "6283143867838@s.whatsapp.net": {
    "ai_interactive": true
  },
  "120363316510781845@g.us": {
    "ai_interactive": true
  },
  "120363304166738831@newsletter": {
    "ai_interactive": true
  },
  "628111500959@s.whatsapp.net": {
    "ai_interactive": true
  },
  "6283893594531@s.whatsapp.net": {
    "ai_interactive": true
  },
  "120363240890574458@newsletter": {
    "ai_interactive": true
  },
  "6283856189636@s.whatsapp.net": {
    "ai_interactive": true
  },
  "6289519340409@s.whatsapp.net": {
    "ai_interactive": true
  },
  "6285378597334@s.whatsapp.net": {
    "ai_interactive": true
  },
  "6285173192190@s.whatsapp.net": {
    "ai_interactive": true
  },
  "6289675995008@s.whatsapp.net": {
    "ai_interactive": true
  },
  "62895329875068@s.whatsapp.net": {
    "ai_interactive": true
  },
  "6288231045510@s.whatsapp.net": {
    "ai_interactive": true
  },
  "6281361396459@s.whatsapp.net": {
    "ai_interactive": true
  },
  "120363347301720325@newsletter": {},
  "120363338099292525@newsletter": {
    "ai_interactive": true
  },
  "6287733660846@s.whatsapp.net": {
    "ai_interactive": true
  },
  "46726416613@s.whatsapp.net": {
    "ai_interactive": true
  },
  "13135550002@s.whatsapp.net": {
    "ai_interactive": true
  },
  "62895328891196@s.whatsapp.net": {
    "ai_interactive": true
  },
  "6282275183884@s.whatsapp.net": {
    "ai_interactive": true
  },
  "6285183042272@s.whatsapp.net": {
    "ai_interactive": true
  },
  "6281378647884@s.whatsapp.net": {
    "ai_interactive": true
  },
  "6283827988021@s.whatsapp.net": {
    "ai_interactive": true
  },
  "6283160132928@s.whatsapp.net": {
    "ai_interactive": true
  },
  "6281281116706@s.whatsapp.net": {
    "ai_interactive": true
  },
  "6285839800846@s.whatsapp.net": {
    "ai_interactive": true
  },
  "6282246051815@s.whatsapp.net": {
    "ai_interactive": true
  },
  "6283899737438@s.whatsapp.net": {
    "ai_interactive": true
  },
  "120363028409375604@g.us": {
    "ai_interactive": true
  }
}